,name,party,state,bill,result
0,Alexander,R,TN,1,0.0
1,Ayotte,R,NH,1,0.0
2,Baldwin,D,WI,1,1.0
3,Barrasso,R,WY,1,0.0
4,Bennet,D,CO,1,0.0
5,Blumenthal,D,CT,1,1.0
6,Blunt,R,MO,1,0.0
7,Booker,D,NJ,1,1.0
8,Boozman,R,AR,1,0.0
9,Boxer,D,CA,1,0.5
10,Brown,D,OH,1,1.0
11,Burr,R,NC,1,0.0
12,Cantwell,D,WA,1,1.0
13,Capito,R,WV,1,0.5
14,Cardin,D,MD,1,1.0
15,Carper,D,DE,1,0.0
16,Casey,D,PA,1,0.0
17,Cassidy,R,LA,1,0.0
18,Coats,R,IN,1,0.0
19,Cochran,R,MS,1,0.0
20,Collins,R,ME,1,0.0
21,Coons,D,DE,1,1.0
22,Corker,R,TN,1,0.0
23,Cornyn,R,TX,1,0.0
24,Cotton,R,AR,1,0.0
25,Crapo,R,ID,1,0.0
26,Cruz,R,TX,1,0.0
27,Daines,R,MT,1,0.0
28,Donnelly,D,IN,1,0.0
29,Durbin,D,IL,1,1.0
30,Enzi,R,WY,1,0.0
31,Ernst,R,IA,1,0.0
32,Feinstein,D,CA,1,1.0
33,Fischer,R,NE,1,0.0
34,Flake,R,AZ,1,0.0
35,Franken,D,MN,1,1.0
36,Gardner,R,CO,1,0.0
37,Gillibrand,D,NY,1,1.0
38,Graham,R,SC,1,0.0
39,Grassley,R,IA,1,0.0
40,Hatch,R,UT,1,0.0
41,Heinrich,D,NM,1,0.0
42,Heitkamp,D,ND,1,0.0
43,Heller,R,NV,1,0.0
44,Hirono,D,HI,1,1.0
45,Hoeven,R,ND,1,0.0
46,Inhofe,R,OK,1,0.0
47,Isakson,R,GA,1,0.0
48,Johnson,R,WI,1,0.0
49,Kaine,D,VA,1,1.0
50,King,I,ME,1,0.0
51,Kirk,R,IL,1,0.0
52,Klobuchar,D,MN,1,0.0
53,Lankford,R,OK,1,0.0
54,Leahy,D,VT,1,1.0
55,Lee,R,UT,1,0.0
56,Manchin,D,WV,1,0.0
57,Markey,D,MA,1,1.0
58,McCain,R,AZ,1,0.0
59,McCaskill,D,MO,1,0.0
60,McConnell,R,KY,1,0.0
61,Menendez,D,NJ,1,1.0
62,Merkley,D,OR,1,1.0
63,Mikulski,D,MD,1,1.0
64,Moran,R,KS,1,0.0
65,Murkowski,R,AK,1,0.0
66,Murphy,D,CT,1,1.0
67,Murray,D,WA,1,1.0
68,Nelson,D,FL,1,1.0
69,Paul,R,KY,1,0.0
70,Perdue,R,GA,1,0.0
71,Peters,D,MI,1,0.0
72,Portman,R,OH,1,0.0
73,Reed,D,RI,1,1.0
74,Reid,D,NV,1,0.5
75,Risch,R,ID,1,0.0
76,Roberts,R,KS,1,0.0
77,Rounds,R,SD,1,0.0
78,Rubio,R,FL,1,0.0
79,Sanders,I,VT,1,1.0
80,Sasse,R,NE,1,0.0
81,Schatz,D,HI,1,1.0
82,Schumer,D,NY,1,1.0
83,Scott,R,SC,1,0.0
84,Sessions,R,AL,1,0.0
85,Shaheen,D,NH,1,1.0
86,Shelby,R,AL,1,0.0
87,Stabenow,D,MI,1,0.0
88,Sullivan,R,AK,1,0.0
89,Tester,D,MT,1,0.0
90,Thune,R,SD,1,0.0
91,Tillis,R,NC,1,0.0
92,Toomey,R,PA,1,0.0
93,Udall,D,NM,1,1.0
94,Vitter,R,LA,1,0.0
95,Warner,D,VA,1,1.0
96,Warren,D,MA,1,1.0
97,Whitehouse,D,RI,1,1.0
98,Wicker,R,MS,1,0.0
99,Wyden,D,OR,1,1.0
100,Alexander,R,TN,2,1.0
101,Ayotte,R,NH,2,1.0
102,Baldwin,D,WI,2,0.0
103,Barrasso,R,WY,2,1.0
104,Bennet,D,CO,2,0.0
105,Blumenthal,D,CT,2,0.0
106,Blunt,R,MO,2,1.0
107,Booker,D,NJ,2,0.0
108,Boozman,R,AR,2,1.0
109,Boxer,D,CA,2,0.0
110,Brown,D,OH,2,0.0
111,Burr,R,NC,2,1.0
112,Cantwell,D,WA,2,0.0
113,Capito,R,WV,2,1.0
114,Cardin,D,MD,2,0.0
115,Carper,D,DE,2,0.0
116,Casey,D,PA,2,0.0
117,Cassidy,R,LA,2,1.0
118,Coats,R,IN,2,1.0
119,Cochran,R,MS,2,1.0
120,Collins,R,ME,2,1.0
121,Coons,D,DE,2,0.0
122,Corker,R,TN,2,1.0
123,Cornyn,R,TX,2,1.0
124,Cotton,R,AR,2,1.0
125,Crapo,R,ID,2,1.0
126,Cruz,R,TX,2,1.0
127,Daines,R,MT,2,1.0
128,Donnelly,D,IN,2,0.0
129,Durbin,D,IL,2,0.0
130,Enzi,R,WY,2,1.0
131,Ernst,R,IA,2,1.0
132,Feinstein,D,CA,2,0.0
133,Fischer,R,NE,2,1.0
134,Flake,R,AZ,2,1.0
135,Franken,D,MN,2,0.0
136,Gardner,R,CO,2,1.0
137,Gillibrand,D,NY,2,0.0
138,Graham,R,SC,2,1.0
139,Grassley,R,IA,2,1.0
140,Hatch,R,UT,2,1.0
141,Heinrich,D,NM,2,0.0
142,Heitkamp,D,ND,2,1.0
143,Heller,R,NV,2,1.0
144,Hirono,D,HI,2,0.0
145,Hoeven,R,ND,2,1.0
146,Inhofe,R,OK,2,1.0
147,Isakson,R,GA,2,1.0
148,Johnson,R,WI,2,1.0
149,Kaine,D,VA,2,0.0
150,King,I,ME,2,0.0
151,Kirk,R,IL,2,1.0
152,Klobuchar,D,MN,2,0.0
153,Lankford,R,OK,2,1.0
154,Leahy,D,VT,2,0.0
155,Lee,R,UT,2,1.0
156,Manchin,D,WV,2,1.0
157,Markey,D,MA,2,0.0
158,McCain,R,AZ,2,1.0
159,McCaskill,D,MO,2,0.0
160,McConnell,R,KY,2,1.0
161,Menendez,D,NJ,2,0.0
162,Merkley,D,OR,2,0.0
163,Mikulski,D,MD,2,0.0
164,Moran,R,KS,2,1.0
165,Murkowski,R,AK,2,1.0
166,Murphy,D,CT,2,0.0
167,Murray,D,WA,2,0.0
168,Nelson,D,FL,2,0.0
169,Paul,R,KY,2,1.0
170,Perdue,R,GA,2,1.0
171,Peters,D,MI,2,0.0
172,Portman,R,OH,2,1.0
173,Reed,D,RI,2,0.0
174,Reid,D,NV,2,0.5
175,Risch,R,ID,2,1.0
176,Roberts,R,KS,2,1.0
177,Rounds,R,SD,2,1.0
178,Rubio,R,FL,2,1.0
179,Sanders,I,VT,2,0.0
180,Sasse,R,NE,2,1.0
181,Schatz,D,HI,2,0.0
182,Schumer,D,NY,2,0.0
183,Scott,R,SC,2,1.0
184,Sessions,R,AL,2,1.0
185,Shaheen,D,NH,2,0.0
186,Shelby,R,AL,2,1.0
187,Stabenow,D,MI,2,0.0
188,Sullivan,R,AK,2,1.0
189,Tester,D,MT,2,0.0
190,Thune,R,SD,2,1.0
191,Tillis,R,NC,2,1.0
192,Toomey,R,PA,2,1.0
193,Udall,D,NM,2,0.0
194,Vitter,R,LA,2,1.0
195,Warner,D,VA,2,1.0
196,Warren,D,MA,2,0.0
197,Whitehouse,D,RI,2,0.0
198,Wicker,R,MS,2,1.0
199,Wyden,D,OR,2,0.0
200,Alexander,R,TN,3,1.0
201,Ayotte,R,NH,3,1.0
202,Baldwin,D,WI,3,0.0
203,Barrasso,R,WY,3,1.0
204,Bennet,D,CO,3,0.0
205,Blumenthal,D,CT,3,0.0
206,Blunt,R,MO,3,1.0
207,Booker,D,NJ,3,0.0
208,Boozman,R,AR,3,1.0
209,Boxer,D,CA,3,0.0
210,Brown,D,OH,3,0.0
211,Burr,R,NC,3,0.0
212,Cantwell,D,WA,3,0.0
213,Capito,R,WV,3,1.0
214,Cardin,D,MD,3,0.0
215,Carper,D,DE,3,0.0
216,Casey,D,PA,3,0.0
217,Cassidy,R,LA,3,1.0
218,Coats,R,IN,3,1.0
219,Cochran,R,MS,3,1.0
220,Collins,R,ME,3,1.0
221,Coons,D,DE,3,0.0
222,Corker,R,TN,3,1.0
223,Cornyn,R,TX,3,1.0
224,Cotton,R,AR,3,1.0
225,Crapo,R,ID,3,1.0
226,Cruz,R,TX,3,1.0
227,Daines,R,MT,3,1.0
228,Donnelly,D,IN,3,0.0
229,Durbin,D,IL,3,0.0
230,Enzi,R,WY,3,1.0
231,Ernst,R,IA,3,1.0
232,Feinstein,D,CA,3,0.0
233,Fischer,R,NE,3,1.0
234,Flake,R,AZ,3,1.0
235,Franken,D,MN,3,0.0
236,Gardner,R,CO,3,1.0
237,Gillibrand,D,NY,3,0.0
238,Graham,R,SC,3,1.0
239,Grassley,R,IA,3,1.0
240,Hatch,R,UT,3,1.0
241,Heinrich,D,NM,3,0.0
242,Heitkamp,D,ND,3,0.0
243,Heller,R,NV,3,1.0
244,Hirono,D,HI,3,0.0
245,Hoeven,R,ND,3,1.0
246,Inhofe,R,OK,3,1.0
247,Isakson,R,GA,3,1.0
248,Johnson,R,WI,3,1.0
249,Kaine,D,VA,3,0.0
250,King,I,ME,3,0.0
251,Kirk,R,IL,3,1.0
252,Klobuchar,D,MN,3,0.0
253,Lankford,R,OK,3,1.0
254,Leahy,D,VT,3,0.0
255,Lee,R,UT,3,1.0
256,Manchin,D,WV,3,0.0
257,Markey,D,MA,3,0.0
258,McCain,R,AZ,3,1.0
259,McCaskill,D,MO,3,0.0
260,McConnell,R,KY,3,1.0
261,Menendez,D,NJ,3,0.0
262,Merkley,D,OR,3,0.0
263,Mikulski,D,MD,3,0.0
264,Moran,R,KS,3,1.0
265,Murkowski,R,AK,3,1.0
266,Murphy,D,CT,3,0.0
267,Murray,D,WA,3,0.0
268,Nelson,D,FL,3,0.0
269,Paul,R,KY,3,1.0
270,Perdue,R,GA,3,1.0
271,Peters,D,MI,3,0.0
272,Portman,R,OH,3,1.0
273,Reed,D,RI,3,0.0
274,Reid,D,NV,3,0.5
275,Risch,R,ID,3,1.0
276,Roberts,R,KS,3,1.0
277,Rounds,R,SD,3,1.0
278,Rubio,R,FL,3,1.0
279,Sanders,I,VT,3,0.0
280,Sasse,R,NE,3,1.0
281,Schatz,D,HI,3,0.0
282,Schumer,D,NY,3,0.0
283,Scott,R,SC,3,1.0
284,Sessions,R,AL,3,1.0
285,Shaheen,D,NH,3,0.0
286,Shelby,R,AL,3,1.0
287,Stabenow,D,MI,3,0.0
288,Sullivan,R,AK,3,1.0
289,Tester,D,MT,3,0.0
290,Thune,R,SD,3,1.0
291,Tillis,R,NC,3,1.0
292,Toomey,R,PA,3,1.0
293,Udall,D,NM,3,0.0
294,Vitter,R,LA,3,1.0
295,Warner,D,VA,3,0.0
296,Warren,D,MA,3,0.0
297,Whitehouse,D,RI,3,0.0
298,Wicker,R,MS,3,1.0
299,Wyden,D,OR,3,0.0
300,Alexander,R,TN,4,1.0
301,Ayotte,R,NH,4,1.0
302,Baldwin,D,WI,4,1.0
303,Barrasso,R,WY,4,1.0
304,Bennet,D,CO,4,1.0
305,Blumenthal,D,CT,4,1.0
306,Blunt,R,MO,4,1.0
307,Booker,D,NJ,4,1.0
308,Boozman,R,AR,4,1.0
309,Boxer,D,CA,4,1.0
310,Brown,D,OH,4,1.0
311,Burr,R,NC,4,1.0
312,Cantwell,D,WA,4,1.0
313,Capito,R,WV,4,1.0
314,Cardin,D,MD,4,1.0
315,Carper,D,DE,4,1.0
316,Casey,D,PA,4,1.0
317,Cassidy,R,LA,4,1.0
318,Coats,R,IN,4,1.0
319,Cochran,R,MS,4,1.0
320,Collins,R,ME,4,1.0
321,Coons,D,DE,4,1.0
322,Corker,R,TN,4,1.0
323,Cornyn,R,TX,4,1.0
324,Cotton,R,AR,4,1.0
325,Crapo,R,ID,4,1.0
326,Cruz,R,TX,4,0.0
327,Daines,R,MT,4,1.0
328,Donnelly,D,IN,4,1.0
329,Durbin,D,IL,4,1.0
330,Enzi,R,WY,4,1.0
331,Ernst,R,IA,4,1.0
332,Feinstein,D,CA,4,1.0
333,Fischer,R,NE,4,1.0
334,Flake,R,AZ,4,1.0
335,Franken,D,MN,4,1.0
336,Gardner,R,CO,4,1.0
337,Gillibrand,D,NY,4,1.0
338,Graham,R,SC,4,1.0
339,Grassley,R,IA,4,1.0
340,Hatch,R,UT,4,1.0
341,Heinrich,D,NM,4,1.0
342,Heitkamp,D,ND,4,1.0
343,Heller,R,NV,4,1.0
344,Hirono,D,HI,4,1.0
345,Hoeven,R,ND,4,1.0
346,Inhofe,R,OK,4,1.0
347,Isakson,R,GA,4,1.0
348,Johnson,R,WI,4,1.0
349,Kaine,D,VA,4,1.0
350,King,I,ME,4,1.0
351,Kirk,R,IL,4,1.0
352,Klobuchar,D,MN,4,1.0
353,Lankford,R,OK,4,0.0
354,Leahy,D,VT,4,1.0
355,Lee,R,UT,4,0.0
356,Manchin,D,WV,4,1.0
357,Markey,D,MA,4,1.0
358,McCain,R,AZ,4,1.0
359,McCaskill,D,MO,4,1.0
360,McConnell,R,KY,4,1.0
361,Menendez,D,NJ,4,1.0
362,Merkley,D,OR,4,1.0
363,Mikulski,D,MD,4,1.0
364,Moran,R,KS,4,1.0
365,Murkowski,R,AK,4,1.0
366,Murphy,D,CT,4,1.0
367,Murray,D,WA,4,1.0
368,Nelson,D,FL,4,1.0
369,Paul,R,KY,4,0.0
370,Perdue,R,GA,4,1.0
371,Peters,D,MI,4,1.0
372,Portman,R,OH,4,1.0
373,Reed,D,RI,4,1.0
374,Reid,D,NV,4,0.5
375,Risch,R,ID,4,1.0
376,Roberts,R,KS,4,1.0
377,Rounds,R,SD,4,1.0
378,Rubio,R,FL,4,1.0
379,Sanders,I,VT,4,1.0
380,Sasse,R,NE,4,0.0
381,Schatz,D,HI,4,1.0
382,Schumer,D,NY,4,1.0
383,Scott,R,SC,4,1.0
384,Sessions,R,AL,4,1.0
385,Shaheen,D,NH,4,1.0
386,Shelby,R,AL,4,1.0
387,Stabenow,D,MI,4,1.0
388,Sullivan,R,AK,4,1.0
389,Tester,D,MT,4,1.0
390,Thune,R,SD,4,1.0
391,Tillis,R,NC,4,1.0
392,Toomey,R,PA,4,1.0
393,Udall,D,NM,4,1.0
394,Vitter,R,LA,4,1.0
395,Warner,D,VA,4,1.0
396,Warren,D,MA,4,1.0
397,Whitehouse,D,RI,4,1.0
398,Wicker,R,MS,4,1.0
399,Wyden,D,OR,4,1.0
400,Alexander,R,TN,5,1.0
401,Ayotte,R,NH,5,1.0
402,Baldwin,D,WI,5,0.0
403,Barrasso,R,WY,5,1.0
404,Bennet,D,CO,5,0.0
405,Blumenthal,D,CT,5,0.0
406,Blunt,R,MO,5,1.0
407,Booker,D,NJ,5,0.0
408,Boozman,R,AR,5,1.0
409,Boxer,D,CA,5,0.0
410,Brown,D,OH,5,0.0
411,Burr,R,NC,5,1.0
412,Cantwell,D,WA,5,0.0
413,Capito,R,WV,5,1.0
414,Cardin,D,MD,5,0.0
415,Carper,D,DE,5,0.0
416,Casey,D,PA,5,0.0
417,Cassidy,R,LA,5,1.0
418,Coats,R,IN,5,1.0
419,Cochran,R,MS,5,1.0
420,Collins,R,ME,5,1.0
421,Coons,D,DE,5,0.0
422,Corker,R,TN,5,1.0
423,Cornyn,R,TX,5,1.0
424,Cotton,R,AR,5,1.0
425,Crapo,R,ID,5,1.0
426,Cruz,R,TX,5,1.0
427,Daines,R,MT,5,1.0
428,Donnelly,D,IN,5,0.0
429,Durbin,D,IL,5,0.0
430,Enzi,R,WY,5,1.0
431,Ernst,R,IA,5,1.0
432,Feinstein,D,CA,5,0.0
433,Fischer,R,NE,5,1.0
434,Flake,R,AZ,5,1.0
435,Franken,D,MN,5,0.0
436,Gardner,R,CO,5,1.0
437,Gillibrand,D,NY,5,0.0
438,Graham,R,SC,5,1.0
439,Grassley,R,IA,5,1.0
440,Hatch,R,UT,5,1.0
441,Heinrich,D,NM,5,0.0
442,Heitkamp,D,ND,5,0.0
443,Heller,R,NV,5,1.0
444,Hirono,D,HI,5,0.0
445,Hoeven,R,ND,5,1.0
446,Inhofe,R,OK,5,1.0
447,Isakson,R,GA,5,1.0
448,Johnson,R,WI,5,1.0
449,Kaine,D,VA,5,0.0
450,King,I,ME,5,0.0
451,Kirk,R,IL,5,1.0
452,Klobuchar,D,MN,5,0.0
453,Lankford,R,OK,5,1.0
454,Leahy,D,VT,5,0.0
455,Lee,R,UT,5,1.0
456,Manchin,D,WV,5,0.0
457,Markey,D,MA,5,0.0
458,McCain,R,AZ,5,1.0
459,McCaskill,D,MO,5,0.0
460,McConnell,R,KY,5,1.0
461,Menendez,D,NJ,5,0.0
462,Merkley,D,OR,5,0.0
463,Mikulski,D,MD,5,0.0
464,Moran,R,KS,5,1.0
465,Murkowski,R,AK,5,1.0
466,Murphy,D,CT,5,0.0
467,Murray,D,WA,5,0.0
468,Nelson,D,FL,5,0.0
469,Paul,R,KY,5,1.0
470,Perdue,R,GA,5,1.0
471,Peters,D,MI,5,0.0
472,Portman,R,OH,5,1.0
473,Reed,D,RI,5,0.0
474,Reid,D,NV,5,0.5
475,Risch,R,ID,5,1.0
476,Roberts,R,KS,5,1.0
477,Rounds,R,SD,5,1.0
478,Rubio,R,FL,5,1.0
479,Sanders,I,VT,5,0.0
480,Sasse,R,NE,5,1.0
481,Schatz,D,HI,5,0.0
482,Schumer,D,NY,5,0.0
483,Scott,R,SC,5,1.0
484,Sessions,R,AL,5,1.0
485,Shaheen,D,NH,5,0.0
486,Shelby,R,AL,5,1.0
487,Stabenow,D,MI,5,0.0
488,Sullivan,R,AK,5,1.0
489,Tester,D,MT,5,0.0
490,Thune,R,SD,5,1.0
491,Tillis,R,NC,5,1.0
492,Toomey,R,PA,5,1.0
493,Udall,D,NM,5,0.0
494,Vitter,R,LA,5,1.0
495,Warner,D,VA,5,0.0
496,Warren,D,MA,5,0.0
497,Whitehouse,D,RI,5,0.0
498,Wicker,R,MS,5,1.0
499,Wyden,D,OR,5,0.0
500,Alexander,R,TN,6,0.0
501,Ayotte,R,NH,6,0.0
502,Baldwin,D,WI,6,1.0
503,Barrasso,R,WY,6,0.0
504,Bennet,D,CO,6,1.0
505,Blumenthal,D,CT,6,1.0
506,Blunt,R,MO,6,0.0
507,Booker,D,NJ,6,1.0
508,Boozman,R,AR,6,0.0
509,Boxer,D,CA,6,1.0
510,Brown,D,OH,6,1.0
511,Burr,R,NC,6,0.0
512,Cantwell,D,WA,6,1.0
513,Capito,R,WV,6,0.0
514,Cardin,D,MD,6,1.0
515,Carper,D,DE,6,1.0
516,Casey,D,PA,6,1.0
517,Cassidy,R,LA,6,0.0
518,Coats,R,IN,6,0.0
519,Cochran,R,MS,6,0.0
520,Collins,R,ME,6,0.0
521,Coons,D,DE,6,1.0
522,Corker,R,TN,6,0.0
523,Cornyn,R,TX,6,0.0
524,Cotton,R,AR,6,0.0
525,Crapo,R,ID,6,0.0
526,Cruz,R,TX,6,0.0
527,Daines,R,MT,6,0.0
528,Donnelly,D,IN,6,0.0
529,Durbin,D,IL,6,1.0
530,Enzi,R,WY,6,0.0
531,Ernst,R,IA,6,0.0
532,Feinstein,D,CA,6,1.0
533,Fischer,R,NE,6,0.0
534,Flake,R,AZ,6,0.0
535,Franken,D,MN,6,1.0
536,Gardner,R,CO,6,0.0
537,Gillibrand,D,NY,6,1.0
538,Graham,R,SC,6,0.0
539,Grassley,R,IA,6,0.0
540,Hatch,R,UT,6,0.0
541,Heinrich,D,NM,6,1.0
542,Heitkamp,D,ND,6,0.0
543,Heller,R,NV,6,0.0
544,Hirono,D,HI,6,1.0
545,Hoeven,R,ND,6,0.0
546,Inhofe,R,OK,6,0.0
547,Isakson,R,GA,6,0.0
548,Johnson,R,WI,6,0.0
549,Kaine,D,VA,6,1.0
550,King,I,ME,6,1.0
551,Kirk,R,IL,6,1.0
552,Klobuchar,D,MN,6,1.0
553,Lankford,R,OK,6,0.0
554,Leahy,D,VT,6,1.0
555,Lee,R,UT,6,0.0
556,Manchin,D,WV,6,0.0
557,Markey,D,MA,6,1.0
558,McCain,R,AZ,6,0.0
559,McCaskill,D,MO,6,0.0
560,McConnell,R,KY,6,0.0
561,Menendez,D,NJ,6,1.0
562,Merkley,D,OR,6,1.0
563,Mikulski,D,MD,6,1.0
564,Moran,R,KS,6,0.0
565,Murkowski,R,AK,6,0.0
566,Murphy,D,CT,6,1.0
567,Murray,D,WA,6,1.0
568,Nelson,D,FL,6,1.0
569,Paul,R,KY,6,0.0
570,Perdue,R,GA,6,0.0
571,Peters,D,MI,6,1.0
572,Portman,R,OH,6,0.0
573,Reed,D,RI,6,1.0
574,Reid,D,NV,6,0.5
575,Risch,R,ID,6,0.0
576,Roberts,R,KS,6,0.0
577,Rounds,R,SD,6,0.0
578,Rubio,R,FL,6,0.0
579,Sanders,I,VT,6,1.0
580,Sasse,R,NE,6,0.0
581,Schatz,D,HI,6,1.0
582,Schumer,D,NY,6,1.0
583,Scott,R,SC,6,0.0
584,Sessions,R,AL,6,0.0
585,Shaheen,D,NH,6,1.0
586,Shelby,R,AL,6,0.0
587,Stabenow,D,MI,6,1.0
588,Sullivan,R,AK,6,0.0
589,Tester,D,MT,6,0.0
590,Thune,R,SD,6,0.0
591,Tillis,R,NC,6,0.0
592,Toomey,R,PA,6,0.0
593,Udall,D,NM,6,1.0
594,Vitter,R,LA,6,0.0
595,Warner,D,VA,6,1.0
596,Warren,D,MA,6,1.0
597,Whitehouse,D,RI,6,1.0
598,Wicker,R,MS,6,0.0
599,Wyden,D,OR,6,1.0
600,Alexander,R,TN,7,0.0
601,Ayotte,R,NH,7,0.0
602,Baldwin,D,WI,7,0.0
603,Barrasso,R,WY,7,1.0
604,Bennet,D,CO,7,0.0
605,Blumenthal,D,CT,7,0.0
606,Blunt,R,MO,7,1.0
607,Booker,D,NJ,7,0.0
608,Boozman,R,AR,7,1.0
609,Boxer,D,CA,7,0.0
610,Brown,D,OH,7,0.0
611,Burr,R,NC,7,1.0
612,Cantwell,D,WA,7,0.0
613,Capito,R,WV,7,1.0
614,Cardin,D,MD,7,0.0
615,Carper,D,DE,7,0.0
616,Casey,D,PA,7,1.0
617,Cassidy,R,LA,7,1.0
618,Coats,R,IN,7,1.0
619,Cochran,R,MS,7,1.0
620,Collins,R,ME,7,0.0
621,Coons,D,DE,7,0.0
622,Corker,R,TN,7,1.0
623,Cornyn,R,TX,7,1.0
624,Cotton,R,AR,7,1.0
625,Crapo,R,ID,7,1.0
626,Cruz,R,TX,7,1.0
627,Daines,R,MT,7,1.0
628,Donnelly,D,IN,7,0.0
629,Durbin,D,IL,7,0.0
630,Enzi,R,WY,7,1.0
631,Ernst,R,IA,7,1.0
632,Feinstein,D,CA,7,0.0
633,Fischer,R,NE,7,1.0
634,Flake,R,AZ,7,1.0
635,Franken,D,MN,7,0.0
636,Gardner,R,CO,7,1.0
637,Gillibrand,D,NY,7,0.0
638,Graham,R,SC,7,1.0
639,Grassley,R,IA,7,1.0
640,Hatch,R,UT,7,1.0
641,Heinrich,D,NM,7,0.0
642,Heitkamp,D,ND,7,1.0
643,Heller,R,NV,7,1.0
644,Hirono,D,HI,7,0.0
645,Hoeven,R,ND,7,1.0
646,Inhofe,R,OK,7,1.0
647,Isakson,R,GA,7,1.0
648,Johnson,R,WI,7,1.0
649,Kaine,D,VA,7,0.0
650,King,I,ME,7,0.0
651,Kirk,R,IL,7,1.0
652,Klobuchar,D,MN,7,0.0
653,Lankford,R,OK,7,1.0
654,Leahy,D,VT,7,0.0
655,Lee,R,UT,7,1.0
656,Manchin,D,WV,7,1.0
657,Markey,D,MA,7,0.0
658,McCain,R,AZ,7,1.0
659,McCaskill,D,MO,7,0.0
660,McConnell,R,KY,7,1.0
661,Menendez,D,NJ,7,0.0
662,Merkley,D,OR,7,0.0
663,Mikulski,D,MD,7,0.0
664,Moran,R,KS,7,1.0
665,Murkowski,R,AK,7,1.0
666,Murphy,D,CT,7,0.0
667,Murray,D,WA,7,0.0
668,Nelson,D,FL,7,0.0
669,Paul,R,KY,7,1.0
670,Perdue,R,GA,7,1.0
671,Peters,D,MI,7,0.0
672,Portman,R,OH,7,1.0
673,Reed,D,RI,7,0.0
674,Reid,D,NV,7,0.5
675,Risch,R,ID,7,1.0
676,Roberts,R,KS,7,1.0
677,Rounds,R,SD,7,1.0
678,Rubio,R,FL,7,1.0
679,Sanders,I,VT,7,0.0
680,Sasse,R,NE,7,1.0
681,Schatz,D,HI,7,0.0
682,Schumer,D,NY,7,0.0
683,Scott,R,SC,7,1.0
684,Sessions,R,AL,7,1.0
685,Shaheen,D,NH,7,0.0
686,Shelby,R,AL,7,1.0
687,Stabenow,D,MI,7,0.0
688,Sullivan,R,AK,7,1.0
689,Tester,D,MT,7,0.0
690,Thune,R,SD,7,1.0
691,Tillis,R,NC,7,1.0
692,Toomey,R,PA,7,1.0
693,Udall,D,NM,7,0.0
694,Vitter,R,LA,7,1.0
695,Warner,D,VA,7,0.0
696,Warren,D,MA,7,0.0
697,Whitehouse,D,RI,7,0.0
698,Wicker,R,MS,7,1.0
699,Wyden,D,OR,7,0.0
700,Alexander,R,TN,8,1.0
701,Ayotte,R,NH,8,1.0
702,Baldwin,D,WI,8,1.0
703,Barrasso,R,WY,8,1.0
704,Bennet,D,CO,8,1.0
705,Blumenthal,D,CT,8,1.0
706,Blunt,R,MO,8,1.0
707,Booker,D,NJ,8,1.0
708,Boozman,R,AR,8,1.0
709,Boxer,D,CA,8,1.0
710,Brown,D,OH,8,1.0
711,Burr,R,NC,8,1.0
712,Cantwell,D,WA,8,1.0
713,Capito,R,WV,8,1.0
714,Cardin,D,MD,8,1.0
715,Carper,D,DE,8,1.0
716,Casey,D,PA,8,1.0
717,Cassidy,R,LA,8,1.0
718,Coats,R,IN,8,1.0
719,Cochran,R,MS,8,1.0
720,Collins,R,ME,8,1.0
721,Coons,D,DE,8,1.0
722,Corker,R,TN,8,1.0
723,Cornyn,R,TX,8,1.0
724,Cotton,R,AR,8,1.0
725,Crapo,R,ID,8,1.0
726,Cruz,R,TX,8,1.0
727,Daines,R,MT,8,1.0
728,Donnelly,D,IN,8,1.0
729,Durbin,D,IL,8,1.0
730,Enzi,R,WY,8,1.0
731,Ernst,R,IA,8,1.0
732,Feinstein,D,CA,8,1.0
733,Fischer,R,NE,8,1.0
734,Flake,R,AZ,8,1.0
735,Franken,D,MN,8,1.0
736,Gardner,R,CO,8,1.0
737,Gillibrand,D,NY,8,1.0
738,Graham,R,SC,8,1.0
739,Grassley,R,IA,8,1.0
740,Hatch,R,UT,8,1.0
741,Heinrich,D,NM,8,1.0
742,Heitkamp,D,ND,8,1.0
743,Heller,R,NV,8,1.0
744,Hirono,D,HI,8,1.0
745,Hoeven,R,ND,8,1.0
746,Inhofe,R,OK,8,1.0
747,Isakson,R,GA,8,1.0
748,Johnson,R,WI,8,1.0
749,Kaine,D,VA,8,1.0
750,King,I,ME,8,1.0
751,Kirk,R,IL,8,1.0
752,Klobuchar,D,MN,8,1.0
753,Lankford,R,OK,8,1.0
754,Leahy,D,VT,8,1.0
755,Lee,R,UT,8,1.0
756,Manchin,D,WV,8,1.0
757,Markey,D,MA,8,1.0
758,McCain,R,AZ,8,1.0
759,McCaskill,D,MO,8,1.0
760,McConnell,R,KY,8,1.0
761,Menendez,D,NJ,8,1.0
762,Merkley,D,OR,8,1.0
763,Mikulski,D,MD,8,1.0
764,Moran,R,KS,8,1.0
765,Murkowski,R,AK,8,1.0
766,Murphy,D,CT,8,1.0
767,Murray,D,WA,8,1.0
768,Nelson,D,FL,8,1.0
769,Paul,R,KY,8,1.0
770,Perdue,R,GA,8,1.0
771,Peters,D,MI,8,1.0
772,Portman,R,OH,8,1.0
773,Reed,D,RI,8,1.0
774,Reid,D,NV,8,0.5
775,Risch,R,ID,8,1.0
776,Roberts,R,KS,8,1.0
777,Rounds,R,SD,8,1.0
778,Rubio,R,FL,8,1.0
779,Sanders,I,VT,8,1.0
780,Sasse,R,NE,8,1.0
781,Schatz,D,HI,8,1.0
782,Schumer,D,NY,8,1.0
783,Scott,R,SC,8,1.0
784,Sessions,R,AL,8,1.0
785,Shaheen,D,NH,8,1.0
786,Shelby,R,AL,8,1.0
787,Stabenow,D,MI,8,1.0
788,Sullivan,R,AK,8,1.0
789,Tester,D,MT,8,1.0
790,Thune,R,SD,8,1.0
791,Tillis,R,NC,8,1.0
792,Toomey,R,PA,8,1.0
793,Udall,D,NM,8,1.0
794,Vitter,R,LA,8,1.0
795,Warner,D,VA,8,1.0
796,Warren,D,MA,8,1.0
797,Whitehouse,D,RI,8,1.0
798,Wicker,R,MS,8,0.0
799,Wyden,D,OR,8,1.0
800,Alexander,R,TN,9,1.0
801,Ayotte,R,NH,9,0.0
802,Baldwin,D,WI,9,0.0
803,Barrasso,R,WY,9,1.0
804,Bennet,D,CO,9,0.0
805,Blumenthal,D,CT,9,0.0
806,Blunt,R,MO,9,1.0
807,Booker,D,NJ,9,0.0
808,Boozman,R,AR,9,1.0
809,Boxer,D,CA,9,0.0
810,Brown,D,OH,9,0.0
811,Burr,R,NC,9,1.0
812,Cantwell,D,WA,9,0.0
813,Capito,R,WV,9,1.0
814,Cardin,D,MD,9,0.0
815,Carper,D,DE,9,0.0
816,Casey,D,PA,9,0.0
817,Cassidy,R,LA,9,1.0
818,Coats,R,IN,9,1.0
819,Cochran,R,MS,9,1.0
820,Collins,R,ME,9,0.0
821,Coons,D,DE,9,0.0
822,Corker,R,TN,9,1.0
823,Cornyn,R,TX,9,1.0
824,Cotton,R,AR,9,1.0
825,Crapo,R,ID,9,1.0
826,Cruz,R,TX,9,1.0
827,Daines,R,MT,9,1.0
828,Donnelly,D,IN,9,0.0
829,Durbin,D,IL,9,0.0
830,Enzi,R,WY,9,1.0
831,Ernst,R,IA,9,1.0
832,Feinstein,D,CA,9,0.0
833,Fischer,R,NE,9,1.0
834,Flake,R,AZ,9,1.0
835,Franken,D,MN,9,0.0
836,Gardner,R,CO,9,1.0
837,Gillibrand,D,NY,9,0.0
838,Graham,R,SC,9,0.5
839,Grassley,R,IA,9,1.0
840,Hatch,R,UT,9,1.0
841,Heinrich,D,NM,9,0.0
842,Heitkamp,D,ND,9,0.0
843,Heller,R,NV,9,1.0
844,Hirono,D,HI,9,0.0
845,Hoeven,R,ND,9,1.0
846,Inhofe,R,OK,9,1.0
847,Isakson,R,GA,9,1.0
848,Johnson,R,WI,9,1.0
849,Kaine,D,VA,9,0.0
850,King,I,ME,9,0.0
851,Kirk,R,IL,9,1.0
852,Klobuchar,D,MN,9,0.0
853,Lankford,R,OK,9,1.0
854,Leahy,D,VT,9,0.0
855,Lee,R,UT,9,0.5
856,Manchin,D,WV,9,1.0
857,Markey,D,MA,9,0.0
858,McCain,R,AZ,9,1.0
859,McCaskill,D,MO,9,0.0
860,McConnell,R,KY,9,1.0
861,Menendez,D,NJ,9,0.0
862,Merkley,D,OR,9,0.0
863,Mikulski,D,MD,9,0.0
864,Moran,R,KS,9,1.0
865,Murkowski,R,AK,9,1.0
866,Murphy,D,CT,9,0.0
867,Murray,D,WA,9,0.0
868,Nelson,D,FL,9,0.0
869,Paul,R,KY,9,1.0
870,Perdue,R,GA,9,1.0
871,Peters,D,MI,9,0.0
872,Portman,R,OH,9,1.0
873,Reed,D,RI,9,0.0
874,Reid,D,NV,9,0.5
875,Risch,R,ID,9,1.0
876,Roberts,R,KS,9,1.0
877,Rounds,R,SD,9,1.0
878,Rubio,R,FL,9,1.0
879,Sanders,I,VT,9,0.0
880,Sasse,R,NE,9,1.0
881,Schatz,D,HI,9,0.0
882,Schumer,D,NY,9,0.0
883,Scott,R,SC,9,1.0
884,Sessions,R,AL,9,1.0
885,Shaheen,D,NH,9,0.0
886,Shelby,R,AL,9,1.0
887,Stabenow,D,MI,9,0.0
888,Sullivan,R,AK,9,1.0
889,Tester,D,MT,9,0.0
890,Thune,R,SD,9,1.0
891,Tillis,R,NC,9,1.0
892,Toomey,R,PA,9,1.0
893,Udall,D,NM,9,0.0
894,Vitter,R,LA,9,1.0
895,Warner,D,VA,9,0.0
896,Warren,D,MA,9,0.0
897,Whitehouse,D,RI,9,0.0
898,Wicker,R,MS,9,1.0
899,Wyden,D,OR,9,0.0
900,Alexander,R,TN,10,1.0
901,Ayotte,R,NH,10,1.0
902,Baldwin,D,WI,10,0.0
903,Barrasso,R,WY,10,1.0
904,Bennet,D,CO,10,0.0
905,Blumenthal,D,CT,10,0.0
906,Blunt,R,MO,10,1.0
907,Booker,D,NJ,10,0.0
908,Boozman,R,AR,10,1.0
909,Boxer,D,CA,10,0.0
910,Brown,D,OH,10,0.0
911,Burr,R,NC,10,1.0
912,Cantwell,D,WA,10,0.0
913,Capito,R,WV,10,1.0
914,Cardin,D,MD,10,0.0
915,Carper,D,DE,10,0.0
916,Casey,D,PA,10,0.0
917,Cassidy,R,LA,10,1.0
918,Coats,R,IN,10,1.0
919,Cochran,R,MS,10,1.0
920,Collins,R,ME,10,1.0
921,Coons,D,DE,10,0.5
922,Corker,R,TN,10,1.0
923,Cornyn,R,TX,10,1.0
924,Cotton,R,AR,10,1.0
925,Crapo,R,ID,10,1.0
926,Cruz,R,TX,10,1.0
927,Daines,R,MT,10,1.0
928,Donnelly,D,IN,10,0.0
929,Durbin,D,IL,10,0.0
930,Enzi,R,WY,10,1.0
931,Ernst,R,IA,10,1.0
932,Feinstein,D,CA,10,0.0
933,Fischer,R,NE,10,1.0
934,Flake,R,AZ,10,1.0
935,Franken,D,MN,10,0.5
936,Gardner,R,CO,10,1.0
937,Gillibrand,D,NY,10,0.0
938,Graham,R,SC,10,0.5
939,Grassley,R,IA,10,1.0
940,Hatch,R,UT,10,1.0
941,Heinrich,D,NM,10,0.0
942,Heitkamp,D,ND,10,0.0
943,Heller,R,NV,10,1.0
944,Hirono,D,HI,10,0.0
945,Hoeven,R,ND,10,1.0
946,Inhofe,R,OK,10,1.0
947,Isakson,R,GA,10,1.0
948,Johnson,R,WI,10,1.0
949,Kaine,D,VA,10,0.0
950,King,I,ME,10,0.0
951,Kirk,R,IL,10,1.0
952,Klobuchar,D,MN,10,0.0
953,Lankford,R,OK,10,1.0
954,Leahy,D,VT,10,0.0
955,Lee,R,UT,10,0.5
956,Manchin,D,WV,10,0.0
957,Markey,D,MA,10,0.0
958,McCain,R,AZ,10,1.0
959,McCaskill,D,MO,10,0.0
960,McConnell,R,KY,10,1.0
961,Menendez,D,NJ,10,0.0
962,Merkley,D,OR,10,0.0
963,Mikulski,D,MD,10,0.0
964,Moran,R,KS,10,1.0
965,Murkowski,R,AK,10,1.0
966,Murphy,D,CT,10,0.0
967,Murray,D,WA,10,0.0
968,Nelson,D,FL,10,0.0
969,Paul,R,KY,10,1.0
970,Perdue,R,GA,10,1.0
971,Peters,D,MI,10,0.0
972,Portman,R,OH,10,1.0
973,Reed,D,RI,10,0.0
974,Reid,D,NV,10,0.5
975,Risch,R,ID,10,1.0
976,Roberts,R,KS,10,1.0
977,Rounds,R,SD,10,1.0
978,Rubio,R,FL,10,1.0
979,Sanders,I,VT,10,0.0
980,Sasse,R,NE,10,1.0
981,Schatz,D,HI,10,0.0
982,Schumer,D,NY,10,0.0
983,Scott,R,SC,10,1.0
984,Sessions,R,AL,10,1.0
985,Shaheen,D,NH,10,0.0
986,Shelby,R,AL,10,1.0
987,Stabenow,D,MI,10,0.0
988,Sullivan,R,AK,10,1.0
989,Tester,D,MT,10,0.0
990,Thune,R,SD,10,1.0
991,Tillis,R,NC,10,1.0
992,Toomey,R,PA,10,1.0
993,Udall,D,NM,10,0.0
994,Vitter,R,LA,10,1.0
995,Warner,D,VA,10,0.0
996,Warren,D,MA,10,0.0
997,Whitehouse,D,RI,10,0.0
998,Wicker,R,MS,10,1.0
999,Wyden,D,OR,10,0.0
1000,Alexander,R,TN,11,0.0
1001,Ayotte,R,NH,11,0.0
1002,Baldwin,D,WI,11,1.0
1003,Barrasso,R,WY,11,0.0
1004,Bennet,D,CO,11,0.0
1005,Blumenthal,D,CT,11,1.0
1006,Blunt,R,MO,11,0.0
1007,Booker,D,NJ,11,1.0
1008,Boozman,R,AR,11,0.0
1009,Boxer,D,CA,11,1.0
1010,Brown,D,OH,11,1.0
1011,Burr,R,NC,11,0.0
1012,Cantwell,D,WA,11,1.0
1013,Capito,R,WV,11,0.0
1014,Cardin,D,MD,11,1.0
1015,Carper,D,DE,11,0.0
1016,Casey,D,PA,11,1.0
1017,Cassidy,R,LA,11,0.0
1018,Coats,R,IN,11,0.0
1019,Cochran,R,MS,11,0.0
1020,Collins,R,ME,11,0.0
1021,Coons,D,DE,11,1.0
1022,Corker,R,TN,11,0.0
1023,Cornyn,R,TX,11,0.0
1024,Cotton,R,AR,11,0.0
1025,Crapo,R,ID,11,0.0
1026,Cruz,R,TX,11,0.0
1027,Daines,R,MT,11,0.0
1028,Donnelly,D,IN,11,1.0
1029,Durbin,D,IL,11,1.0
1030,Enzi,R,WY,11,0.0
1031,Ernst,R,IA,11,0.0
1032,Feinstein,D,CA,11,1.0
1033,Fischer,R,NE,11,0.0
1034,Flake,R,AZ,11,0.0
1035,Franken,D,MN,11,1.0
1036,Gardner,R,CO,11,0.0
1037,Gillibrand,D,NY,11,1.0
1038,Graham,R,SC,11,0.0
1039,Grassley,R,IA,11,0.0
1040,Hatch,R,UT,11,0.0
1041,Heinrich,D,NM,11,1.0
1042,Heitkamp,D,ND,11,0.0
1043,Heller,R,NV,11,0.0
1044,Hirono,D,HI,11,1.0
1045,Hoeven,R,ND,11,0.0
1046,Inhofe,R,OK,11,0.0
1047,Isakson,R,GA,11,0.0
1048,Johnson,R,WI,11,0.0
1049,Kaine,D,VA,11,1.0
1050,King,I,ME,11,1.0
1051,Kirk,R,IL,11,1.0
1052,Klobuchar,D,MN,11,1.0
1053,Lankford,R,OK,11,0.0
1054,Leahy,D,VT,11,1.0
1055,Lee,R,UT,11,0.0
1056,Manchin,D,WV,11,0.0
1057,Markey,D,MA,11,1.0
1058,McCain,R,AZ,11,0.0
1059,McCaskill,D,MO,11,0.0
1060,McConnell,R,KY,11,0.0
1061,Menendez,D,NJ,11,1.0
1062,Merkley,D,OR,11,1.0
1063,Mikulski,D,MD,11,1.0
1064,Moran,R,KS,11,0.0
1065,Murkowski,R,AK,11,0.0
1066,Murphy,D,CT,11,1.0
1067,Murray,D,WA,11,1.0
1068,Nelson,D,FL,11,1.0
1069,Paul,R,KY,11,0.0
1070,Perdue,R,GA,11,0.0
1071,Peters,D,MI,11,1.0
1072,Portman,R,OH,11,0.0
1073,Reed,D,RI,11,1.0
1074,Reid,D,NV,11,0.5
1075,Risch,R,ID,11,0.0
1076,Roberts,R,KS,11,0.0
1077,Rounds,R,SD,11,0.0
1078,Rubio,R,FL,11,0.5
1079,Sanders,I,VT,11,1.0
1080,Sasse,R,NE,11,0.0
1081,Schatz,D,HI,11,1.0
1082,Schumer,D,NY,11,1.0
1083,Scott,R,SC,11,0.0
1084,Sessions,R,AL,11,0.0
1085,Shaheen,D,NH,11,1.0
1086,Shelby,R,AL,11,0.0
1087,Stabenow,D,MI,11,1.0
1088,Sullivan,R,AK,11,0.0
1089,Tester,D,MT,11,0.0
1090,Thune,R,SD,11,0.0
1091,Tillis,R,NC,11,0.0
1092,Toomey,R,PA,11,0.0
1093,Udall,D,NM,11,1.0
1094,Vitter,R,LA,11,0.0
1095,Warner,D,VA,11,1.0
1096,Warren,D,MA,11,1.0
1097,Whitehouse,D,RI,11,1.0
1098,Wicker,R,MS,11,0.0
1099,Wyden,D,OR,11,1.0
1100,Alexander,R,TN,12,0.0
1101,Ayotte,R,NH,12,1.0
1102,Baldwin,D,WI,12,1.0
1103,Barrasso,R,WY,12,0.0
1104,Bennet,D,CO,12,1.0
1105,Blumenthal,D,CT,12,1.0
1106,Blunt,R,MO,12,0.0
1107,Booker,D,NJ,12,1.0
1108,Boozman,R,AR,12,0.0
1109,Boxer,D,CA,12,1.0
1110,Brown,D,OH,12,1.0
1111,Burr,R,NC,12,0.0
1112,Cantwell,D,WA,12,1.0
1113,Capito,R,WV,12,0.0
1114,Cardin,D,MD,12,1.0
1115,Carper,D,DE,12,1.0
1116,Casey,D,PA,12,1.0
1117,Cassidy,R,LA,12,0.0
1118,Coats,R,IN,12,0.0
1119,Cochran,R,MS,12,0.0
1120,Collins,R,ME,12,1.0
1121,Coons,D,DE,12,1.0
1122,Corker,R,TN,12,0.0
1123,Cornyn,R,TX,12,0.0
1124,Cotton,R,AR,12,0.0
1125,Crapo,R,ID,12,0.0
1126,Cruz,R,TX,12,0.0
1127,Daines,R,MT,12,0.0
1128,Donnelly,D,IN,12,1.0
1129,Durbin,D,IL,12,1.0
1130,Enzi,R,WY,12,0.0
1131,Ernst,R,IA,12,0.0
1132,Feinstein,D,CA,12,1.0
1133,Fischer,R,NE,12,0.0
1134,Flake,R,AZ,12,0.0
1135,Franken,D,MN,12,1.0
1136,Gardner,R,CO,12,0.0
1137,Gillibrand,D,NY,12,1.0
1138,Graham,R,SC,12,0.0
1139,Grassley,R,IA,12,0.0
1140,Hatch,R,UT,12,0.0
1141,Heinrich,D,NM,12,1.0
1142,Heitkamp,D,ND,12,1.0
1143,Heller,R,NV,12,0.0
1144,Hirono,D,HI,12,1.0
1145,Hoeven,R,ND,12,0.0
1146,Inhofe,R,OK,12,0.0
1147,Isakson,R,GA,12,0.0
1148,Johnson,R,WI,12,0.0
1149,Kaine,D,VA,12,1.0
1150,King,I,ME,12,1.0
1151,Kirk,R,IL,12,0.0
1152,Klobuchar,D,MN,12,1.0
1153,Lankford,R,OK,12,0.0
1154,Leahy,D,VT,12,1.0
1155,Lee,R,UT,12,0.0
1156,Manchin,D,WV,12,1.0
1157,Markey,D,MA,12,1.0
1158,McCain,R,AZ,12,0.0
1159,McCaskill,D,MO,12,1.0
1160,McConnell,R,KY,12,0.0
1161,Menendez,D,NJ,12,1.0
1162,Merkley,D,OR,12,1.0
1163,Mikulski,D,MD,12,1.0
1164,Moran,R,KS,12,0.0
1165,Murkowski,R,AK,12,0.0
1166,Murphy,D,CT,12,1.0
1167,Murray,D,WA,12,1.0
1168,Nelson,D,FL,12,1.0
1169,Paul,R,KY,12,0.0
1170,Perdue,R,GA,12,0.0
1171,Peters,D,MI,12,1.0
1172,Portman,R,OH,12,0.0
1173,Reed,D,RI,12,1.0
1174,Reid,D,NV,12,0.5
1175,Risch,R,ID,12,0.0
1176,Roberts,R,KS,12,0.0
1177,Rounds,R,SD,12,0.0
1178,Rubio,R,FL,12,0.5
1179,Sanders,I,VT,12,1.0
1180,Sasse,R,NE,12,0.0
1181,Schatz,D,HI,12,1.0
1182,Schumer,D,NY,12,1.0
1183,Scott,R,SC,12,0.0
1184,Sessions,R,AL,12,0.0
1185,Shaheen,D,NH,12,1.0
1186,Shelby,R,AL,12,0.0
1187,Stabenow,D,MI,12,1.0
1188,Sullivan,R,AK,12,0.0
1189,Tester,D,MT,12,1.0
1190,Thune,R,SD,12,0.0
1191,Tillis,R,NC,12,0.0
1192,Toomey,R,PA,12,0.0
1193,Udall,D,NM,12,1.0
1194,Vitter,R,LA,12,0.0
1195,Warner,D,VA,12,1.0
1196,Warren,D,MA,12,1.0
1197,Whitehouse,D,RI,12,1.0
1198,Wicker,R,MS,12,0.0
1199,Wyden,D,OR,12,1.0
1200,Alexander,R,TN,13,0.0
1201,Ayotte,R,NH,13,0.0
1202,Baldwin,D,WI,13,0.0
1203,Barrasso,R,WY,13,1.0
1204,Bennet,D,CO,13,0.0
1205,Blumenthal,D,CT,13,0.0
1206,Blunt,R,MO,13,1.0
1207,Booker,D,NJ,13,0.0
1208,Boozman,R,AR,13,1.0
1209,Boxer,D,CA,13,0.0
1210,Brown,D,OH,13,0.0
1211,Burr,R,NC,13,1.0
1212,Cantwell,D,WA,13,0.0
1213,Capito,R,WV,13,1.0
1214,Cardin,D,MD,13,0.0
1215,Carper,D,DE,13,0.0
1216,Casey,D,PA,13,0.0
1217,Cassidy,R,LA,13,1.0
1218,Coats,R,IN,13,1.0
1219,Cochran,R,MS,13,1.0
1220,Collins,R,ME,13,0.0
1221,Coons,D,DE,13,0.0
1222,Corker,R,TN,13,1.0
1223,Cornyn,R,TX,13,1.0
1224,Cotton,R,AR,13,1.0
1225,Crapo,R,ID,13,1.0
1226,Cruz,R,TX,13,1.0
1227,Daines,R,MT,13,1.0
1228,Donnelly,D,IN,13,0.0
1229,Durbin,D,IL,13,0.0
1230,Enzi,R,WY,13,1.0
1231,Ernst,R,IA,13,1.0
1232,Feinstein,D,CA,13,0.0
1233,Fischer,R,NE,13,1.0
1234,Flake,R,AZ,13,1.0
1235,Franken,D,MN,13,0.0
1236,Gardner,R,CO,13,0.0
1237,Gillibrand,D,NY,13,0.0
1238,Graham,R,SC,13,1.0
1239,Grassley,R,IA,13,1.0
1240,Hatch,R,UT,13,1.0
1241,Heinrich,D,NM,13,0.0
1242,Heitkamp,D,ND,13,0.0
1243,Heller,R,NV,13,1.0
1244,Hirono,D,HI,13,0.0
1245,Hoeven,R,ND,13,1.0
1246,Inhofe,R,OK,13,1.0
1247,Isakson,R,GA,13,1.0
1248,Johnson,R,WI,13,1.0
1249,Kaine,D,VA,13,0.0
1250,King,I,ME,13,0.0
1251,Kirk,R,IL,13,1.0
1252,Klobuchar,D,MN,13,0.0
1253,Lankford,R,OK,13,1.0
1254,Leahy,D,VT,13,0.0
1255,Lee,R,UT,13,1.0
1256,Manchin,D,WV,13,1.0
1257,Markey,D,MA,13,0.0
1258,McCain,R,AZ,13,1.0
1259,McCaskill,D,MO,13,0.0
1260,McConnell,R,KY,13,1.0
1261,Menendez,D,NJ,13,0.0
1262,Merkley,D,OR,13,0.0
1263,Mikulski,D,MD,13,0.0
1264,Moran,R,KS,13,1.0
1265,Murkowski,R,AK,13,1.0
1266,Murphy,D,CT,13,0.0
1267,Murray,D,WA,13,0.0
1268,Nelson,D,FL,13,0.0
1269,Paul,R,KY,13,1.0
1270,Perdue,R,GA,13,1.0
1271,Peters,D,MI,13,0.0
1272,Portman,R,OH,13,1.0
1273,Reed,D,RI,13,0.0
1274,Reid,D,NV,13,0.5
1275,Risch,R,ID,13,1.0
1276,Roberts,R,KS,13,1.0
1277,Rounds,R,SD,13,1.0
1278,Rubio,R,FL,13,0.5
1279,Sanders,I,VT,13,0.0
1280,Sasse,R,NE,13,1.0
1281,Schatz,D,HI,13,0.0
1282,Schumer,D,NY,13,0.0
1283,Scott,R,SC,13,1.0
1284,Sessions,R,AL,13,1.0
1285,Shaheen,D,NH,13,0.0
1286,Shelby,R,AL,13,1.0
1287,Stabenow,D,MI,13,0.0
1288,Sullivan,R,AK,13,1.0
1289,Tester,D,MT,13,0.0
1290,Thune,R,SD,13,1.0
1291,Tillis,R,NC,13,1.0
1292,Toomey,R,PA,13,1.0
1293,Udall,D,NM,13,0.0
1294,Vitter,R,LA,13,1.0
1295,Warner,D,VA,13,0.0
1296,Warren,D,MA,13,0.0
1297,Whitehouse,D,RI,13,0.0
1298,Wicker,R,MS,13,1.0
1299,Wyden,D,OR,13,0.0
1300,Alexander,R,TN,14,0.0
1301,Ayotte,R,NH,14,1.0
1302,Baldwin,D,WI,14,1.0
1303,Barrasso,R,WY,14,0.0
1304,Bennet,D,CO,14,1.0
1305,Blumenthal,D,CT,14,1.0
1306,Blunt,R,MO,14,0.0
1307,Booker,D,NJ,14,1.0
1308,Boozman,R,AR,14,0.0
1309,Boxer,D,CA,14,1.0
1310,Brown,D,OH,14,1.0
1311,Burr,R,NC,14,0.0
1312,Cantwell,D,WA,14,1.0
1313,Capito,R,WV,14,0.0
1314,Cardin,D,MD,14,1.0
1315,Carper,D,DE,14,1.0
1316,Casey,D,PA,14,1.0
1317,Cassidy,R,LA,14,0.0
1318,Coats,R,IN,14,0.0
1319,Cochran,R,MS,14,0.0
1320,Collins,R,ME,14,1.0
1321,Coons,D,DE,14,1.0
1322,Corker,R,TN,14,0.0
1323,Cornyn,R,TX,14,0.0
1324,Cotton,R,AR,14,0.0
1325,Crapo,R,ID,14,0.0
1326,Cruz,R,TX,14,0.0
1327,Daines,R,MT,14,0.0
1328,Donnelly,D,IN,14,0.0
1329,Durbin,D,IL,14,1.0
1330,Enzi,R,WY,14,0.0
1331,Ernst,R,IA,14,0.0
1332,Feinstein,D,CA,14,1.0
1333,Fischer,R,NE,14,0.0
1334,Flake,R,AZ,14,0.0
1335,Franken,D,MN,14,1.0
1336,Gardner,R,CO,14,0.0
1337,Gillibrand,D,NY,14,1.0
1338,Graham,R,SC,14,0.0
1339,Grassley,R,IA,14,0.0
1340,Hatch,R,UT,14,0.0
1341,Heinrich,D,NM,14,1.0
1342,Heitkamp,D,ND,14,0.0
1343,Heller,R,NV,14,1.0
1344,Hirono,D,HI,14,1.0
1345,Hoeven,R,ND,14,0.0
1346,Inhofe,R,OK,14,0.0
1347,Isakson,R,GA,14,0.0
1348,Johnson,R,WI,14,0.0
1349,Kaine,D,VA,14,1.0
1350,King,I,ME,14,1.0
1351,Kirk,R,IL,14,1.0
1352,Klobuchar,D,MN,14,1.0
1353,Lankford,R,OK,14,0.0
1354,Leahy,D,VT,14,1.0
1355,Lee,R,UT,14,0.0
1356,Manchin,D,WV,14,0.0
1357,Markey,D,MA,14,1.0
1358,McCain,R,AZ,14,0.0
1359,McCaskill,D,MO,14,1.0
1360,McConnell,R,KY,14,0.0
1361,Menendez,D,NJ,14,1.0
1362,Merkley,D,OR,14,1.0
1363,Mikulski,D,MD,14,1.0
1364,Moran,R,KS,14,0.0
1365,Murkowski,R,AK,14,0.0
1366,Murphy,D,CT,14,1.0
1367,Murray,D,WA,14,1.0
1368,Nelson,D,FL,14,0.0
1369,Paul,R,KY,14,0.0
1370,Perdue,R,GA,14,0.0
1371,Peters,D,MI,14,1.0
1372,Portman,R,OH,14,0.0
1373,Reed,D,RI,14,1.0
1374,Reid,D,NV,14,0.5
1375,Risch,R,ID,14,0.0
1376,Roberts,R,KS,14,0.0
1377,Rounds,R,SD,14,0.0
1378,Rubio,R,FL,14,0.5
1379,Sanders,I,VT,14,1.0
1380,Sasse,R,NE,14,0.0
1381,Schatz,D,HI,14,1.0
1382,Schumer,D,NY,14,1.0
1383,Scott,R,SC,14,0.0
1384,Sessions,R,AL,14,0.0
1385,Shaheen,D,NH,14,1.0
1386,Shelby,R,AL,14,0.0
1387,Stabenow,D,MI,14,1.0
1388,Sullivan,R,AK,14,0.0
1389,Tester,D,MT,14,1.0
1390,Thune,R,SD,14,0.0
1391,Tillis,R,NC,14,0.0
1392,Toomey,R,PA,14,0.0
1393,Udall,D,NM,14,1.0
1394,Vitter,R,LA,14,0.0
1395,Warner,D,VA,14,1.0
1396,Warren,D,MA,14,1.0
1397,Whitehouse,D,RI,14,1.0
1398,Wicker,R,MS,14,0.0
1399,Wyden,D,OR,14,1.0
1400,Alexander,R,TN,15,0.0
1401,Ayotte,R,NH,15,0.0
1402,Baldwin,D,WI,15,1.0
1403,Barrasso,R,WY,15,0.0
1404,Bennet,D,CO,15,0.0
1405,Blumenthal,D,CT,15,1.0
1406,Blunt,R,MO,15,0.0
1407,Booker,D,NJ,15,1.0
1408,Boozman,R,AR,15,0.0
1409,Boxer,D,CA,15,1.0
1410,Brown,D,OH,15,1.0
1411,Burr,R,NC,15,0.0
1412,Cantwell,D,WA,15,1.0
1413,Capito,R,WV,15,0.0
1414,Cardin,D,MD,15,1.0
1415,Carper,D,DE,15,1.0
1416,Casey,D,PA,15,1.0
1417,Cassidy,R,LA,15,0.0
1418,Coats,R,IN,15,0.0
1419,Cochran,R,MS,15,0.0
1420,Collins,R,ME,15,0.0
1421,Coons,D,DE,15,1.0
1422,Corker,R,TN,15,0.0
1423,Cornyn,R,TX,15,0.0
1424,Cotton,R,AR,15,0.0
1425,Crapo,R,ID,15,0.0
1426,Cruz,R,TX,15,0.0
1427,Daines,R,MT,15,0.0
1428,Donnelly,D,IN,15,0.0
1429,Durbin,D,IL,15,1.0
1430,Enzi,R,WY,15,0.0
1431,Ernst,R,IA,15,0.0
1432,Feinstein,D,CA,15,1.0
1433,Fischer,R,NE,15,0.0
1434,Flake,R,AZ,15,0.0
1435,Franken,D,MN,15,1.0
1436,Gardner,R,CO,15,0.0
1437,Gillibrand,D,NY,15,1.0
1438,Graham,R,SC,15,0.0
1439,Grassley,R,IA,15,0.0
1440,Hatch,R,UT,15,0.0
1441,Heinrich,D,NM,15,1.0
1442,Heitkamp,D,ND,15,0.0
1443,Heller,R,NV,15,0.0
1444,Hirono,D,HI,15,1.0
1445,Hoeven,R,ND,15,0.0
1446,Inhofe,R,OK,15,0.0
1447,Isakson,R,GA,15,0.0
1448,Johnson,R,WI,15,0.0
1449,Kaine,D,VA,15,0.0
1450,King,I,ME,15,1.0
1451,Kirk,R,IL,15,0.0
1452,Klobuchar,D,MN,15,0.0
1453,Lankford,R,OK,15,0.0
1454,Leahy,D,VT,15,1.0
1455,Lee,R,UT,15,0.0
1456,Manchin,D,WV,15,0.0
1457,Markey,D,MA,15,1.0
1458,McCain,R,AZ,15,0.0
1459,McCaskill,D,MO,15,0.0
1460,McConnell,R,KY,15,0.0
1461,Menendez,D,NJ,15,1.0
1462,Merkley,D,OR,15,1.0
1463,Mikulski,D,MD,15,1.0
1464,Moran,R,KS,15,0.0
1465,Murkowski,R,AK,15,0.0
1466,Murphy,D,CT,15,1.0
1467,Murray,D,WA,15,1.0
1468,Nelson,D,FL,15,1.0
1469,Paul,R,KY,15,0.0
1470,Perdue,R,GA,15,0.0
1471,Peters,D,MI,15,1.0
1472,Portman,R,OH,15,0.0
1473,Reed,D,RI,15,1.0
1474,Reid,D,NV,15,0.5
1475,Risch,R,ID,15,0.0
1476,Roberts,R,KS,15,0.0
1477,Rounds,R,SD,15,0.0
1478,Rubio,R,FL,15,0.5
1479,Sanders,I,VT,15,1.0
1480,Sasse,R,NE,15,0.0
1481,Schatz,D,HI,15,1.0
1482,Schumer,D,NY,15,1.0
1483,Scott,R,SC,15,0.0
1484,Sessions,R,AL,15,0.0
1485,Shaheen,D,NH,15,1.0
1486,Shelby,R,AL,15,0.0
1487,Stabenow,D,MI,15,1.0
1488,Sullivan,R,AK,15,0.0
1489,Tester,D,MT,15,0.0
1490,Thune,R,SD,15,0.0
1491,Tillis,R,NC,15,0.0
1492,Toomey,R,PA,15,0.0
1493,Udall,D,NM,15,1.0
1494,Vitter,R,LA,15,0.0
1495,Warner,D,VA,15,0.0
1496,Warren,D,MA,15,1.0
1497,Whitehouse,D,RI,15,1.0
1498,Wicker,R,MS,15,0.0
1499,Wyden,D,OR,15,1.0
